timestamp,internal_temp_c,external_temp_c,battery_voltage_v,battery_current_a,battery_soc_percent,battery_capacity_ah,energy_available_kwh,power_load_kw,energy_loss_percent,tank_pressure_bar,structural_integrity,critical_modules_status,telemetry_link_status,estimated_autonomy_min,launch_decision,anomalia_inserida
2026-09-03 12:00:00,24.37,19.44,47.11,71.91,70.47,113.1,3.7547,18.45,3.72,123.6,1,1,1,125.9,READY,nao
2026-09-03 12:00:01,34.16,13.76,49.25,67.92,69.88,110.58,3.8057,20.93,6.82,135.27,1,1,1,114.4,READY,nao
2026-09-03 12:00:02,30.44,5.83,51.24,22.56,96.25,102.94,5.0768,10.01,7.98,133.01,1,1,1,83.9,READY,nao
2026-09-03 12:00:03,28.18,23.48,50.39,54.12,69.98,118.24,4.1695,17.5,2.18,102.69,1,1,1,45.9,READY,nao
2026-09-03 12:00:04,20.65,18.97,50.84,58.02,70.88,88.02,3.1718,16.43,7.38,102.46,1,1,1,112.0,READY,nao
2026-09-03 12:00:05,20.65,0.69,49.95,59.88,90.38,84.37,3.8089,21.66,5.74,108.41,1,1,0,83.6,ABORT,sim
2026-09-03 12:00:06,18.99,26.88,50.15,78.02,77.99,114.16,4.465,23.12,7.84,113.05,1,1,1,144.2,READY,nao
2026-09-03 12:00:07,32.72,23.79,51.1,73.36,91.07,97.57,4.5406,5.24,4.79,115.42,1,1,1,48.2,READY,nao
2026-09-03 12:00:08,28.22,28.24,47.5,80.79,62.61,113.88,3.3868,18.48,7.08,128.98,1,1,1,124.0,READY,nao
2026-09-03 12:00:09,30.04,20.4,48.94,96.49,79.5,115.72,4.5024,6.04,2.37,97.83,1,1,1,172.1,READY,nao
2026-09-03 12:00:10,18.35,16.47,47.33,101.3,61.34,82.5,2.3952,15.98,4.01,96.73,1,1,1,68.5,READY,nao
2026-09-03 12:00:11,34.49,9.64,51.93,91.81,62.51,115.34,3.7441,10.75,2.4,114.6,1,1,1,108.7,READY,nao
2026-09-03 12:00:12,32.15,27.65,51.66,115.55,96.26,97.93,4.8699,11.14,7.85,129.86,1,1,1,57.3,READY,nao
2026-09-03 12:00:13,21.61,25.31,46.24,21.82,65.57,100.42,3.0447,12.06,6.9,104.67,1,1,1,129.5,READY,nao
2026-09-03 12:00:14,21.09,-3.42,50.23,39.58,81.3,105.06,4.2903,17.43,7.12,127.08,1,1,1,119.3,READY,nao
2026-09-03 12:00:15,21.12,-4.08,51.55,20.76,76.44,117.06,4.6127,11.68,7.63,107.99,1,1,1,100.0,READY,nao
2026-09-03 12:00:16,23.17,8.18,47.08,84.75,73.89,80.76,2.8094,19.65,2.51,139.3,1,1,1,115.4,READY,nao
2026-09-03 12:00:17,26.92,23.37,49.41,109.8,95.99,99.07,4.6988,13.09,4.31,139.78,1,1,1,166.0,READY,nao
2026-09-03 12:00:18,25.34,29.55,51.49,44.35,60.87,107.51,3.3696,6.37,2.43,109.86,1,1,1,71.5,READY,nao
2026-09-03 12:00:19,22.95,0.26,46.2,112.7,86.55,108.91,4.3549,20.68,3.26,106.5,1,1,1,48.0,READY,nao
2026-09-03 12:00:20,28.4,15.79,50.18,26.03,98.54,107.7,5.3255,10.72,3.38,115.57,1,1,1,161.3,READY,nao
2026-09-03 12:00:21,20.37,8.33,47.78,113.44,82.41,85.38,3.3619,13.66,4.81,107.03,1,1,1,122.9,READY,nao
2026-09-03 12:00:22,22.97,28.95,51.55,55.16,97.47,91.98,4.6216,18.71,3.61,128.62,1,1,1,165.2,READY,nao
2026-09-03 12:00:23,24.23,24.47,51.83,30.14,62.09,94.35,3.0363,11.65,2.61,136.3,1,1,1,125.6,READY,nao
2026-09-03 12:00:24,25.75,24.34,51.67,68.59,76.75,112.18,4.4487,6.13,3.0,128.65,1,1,1,154.4,READY,nao
2026-09-03 12:00:25,31.35,11.4,48.85,45.68,70.41,91.15,3.1351,12.48,2.88,136.22,1,1,1,103.0,READY,nao
2026-09-03 12:00:26,21.39,9.52,51.17,48.49,89.23,88.43,4.0376,23.89,7.84,114.85,1,1,1,146.2,READY,nao
2026-09-03 12:00:27,26.74,4.57,51.07,50.73,99.25,118.3,5.9963,17.83,6.56,102.82,1,1,1,168.3,READY,nao
2026-09-03 12:00:28,28.07,-3.03,47.91,100.3,70.26,80.35,2.7047,18.43,7.81,131.9,1,1,1,122.2,READY,nao
2026-09-03 12:00:29,18.79,25.27,50.97,73.92,86.17,119.91,5.2665,17.65,4.64,113.02,1,1,1,69.4,READY,nao
2026-09-03 12:00:30,28.33,23.45,46.22,51.13,67.92,107.07,3.3612,8.98,3.67,128.56,1,1,1,81.3,READY,nao
2026-09-03 12:00:31,20.9,29.99,49.58,81.03,82.61,113.14,4.634,13.37,6.79,108.53,1,1,1,71.8,READY,nao
2026-09-03 12:00:32,19.11,29.88,47.38,91.62,78.56,91.78,3.4162,20.02,3.96,99.06,1,1,1,78.3,READY,nao
2026-09-03 12:00:33,34.13,14.44,46.72,47.26,98.88,80.57,3.7221,7.03,3.8,144.63,1,1,1,86.4,READY,nao
2026-09-03 12:00:34,62.0,21.91,46.46,61.35,84.34,109.51,4.2911,10.56,3.4,102.81,1,0,1,119.9,ABORT,sim
2026-09-03 12:00:35,31.74,28.07,50.18,32.19,73.98,113.37,4.2087,10.53,2.78,144.42,1,1,1,124.4,READY,nao
2026-09-03 12:00:36,23.18,24.74,48.04,38.11,64.56,109.62,3.3998,13.64,3.54,143.86,1,1,1,102.6,READY,nao
2026-09-03 12:00:37,19.66,3.66,50.35,88.11,66.05,85.71,2.8504,24.61,4.13,134.69,1,1,1,128.1,READY,nao
2026-09-03 12:00:38,29.63,10.77,46.39,38.14,69.01,110.14,3.526,6.35,6.04,127.97,1,1,1,56.0,READY,nao
2026-09-03 12:00:39,25.48,-0.48,47.89,72.52,70.04,110.76,3.7151,15.37,2.38,123.89,1,1,1,56.9,READY,nao
2026-09-03 12:00:40,20.07,28.39,49.24,90.9,94.02,106.34,4.9231,8.59,3.26,138.31,1,1,1,68.2,READY,nao
2026-09-03 12:00:41,26.42,16.22,50.74,30.69,82.45,110.64,4.6286,24.41,6.85,109.47,1,1,1,114.9,READY,nao
2026-09-03 12:00:42,18.58,3.0,47.91,76.73,80.94,113.84,4.4145,7.27,2.88,118.38,1,1,1,73.9,READY,nao
2026-09-03 12:00:43,33.46,18.51,49.76,45.66,64.59,104.54,3.3599,13.07,4.06,125.97,1,1,1,83.2,READY,nao
2026-09-03 12:00:44,22.4,16.63,51.32,116.29,94.41,83.54,4.0476,19.76,7.19,115.56,1,1,1,99.0,READY,nao
2026-09-03 12:00:45,29.26,7.54,49.7,68.35,88.91,99.51,4.3972,19.09,2.93,116.37,1,1,1,154.6,READY,nao
2026-09-03 12:00:46,23.3,-1.03,47.4,100.6,62.71,83.11,2.4704,13.45,2.5,111.51,1,1,1,46.9,READY,nao
2026-09-03 12:00:47,26.84,18.51,46.15,75.02,88.31,96.3,3.9247,11.93,4.91,123.21,1,1,1,132.7,READY,nao
2026-09-03 12:00:48,27.29,13.21,51.22,24.34,81.74,96.28,4.031,12.95,3.81,137.53,1,1,1,135.3,READY,nao
2026-09-03 12:00:49,21.14,22.03,46.13,83.32,63.27,82.64,2.412,10.29,5.38,105.08,1,1,1,152.8,READY,nao
2026-09-03 12:00:50,34.48,13.21,51.25,115.14,78.33,93.95,3.7715,9.11,6.82,141.72,1,1,1,170.9,READY,nao
2026-09-03 12:00:51,31.18,24.83,49.17,80.16,79.39,84.44,3.2962,14.66,2.82,129.45,1,1,1,47.7,READY,nao
2026-09-03 12:00:52,33.97,14.32,51.63,101.92,66.63,112.33,3.8643,10.37,5.48,136.16,1,1,1,65.8,READY,nao
2026-09-03 12:00:53,33.21,14.63,50.79,108.42,97.83,117.91,5.8587,10.75,5.03,122.81,1,1,1,164.6,READY,nao
2026-09-03 12:00:54,28.16,25.68,51.99,42.81,94.0,82.89,4.0509,18.14,2.86,133.98,1,1,1,106.9,READY,nao
2026-09-03 12:00:55,33.67,9.12,48.1,41.2,86.76,118.2,4.9327,24.37,5.74,95.81,1,1,1,121.2,READY,nao
2026-09-03 12:00:56,19.5,-0.31,50.6,81.1,78.49,100.9,4.0073,17.07,3.64,135.92,1,1,1,134.5,READY,nao
2026-09-03 12:00:57,21.33,-3.99,48.41,61.1,76.47,91.98,3.405,6.54,4.93,97.01,1,1,1,136.7,READY,nao
2026-09-03 12:00:58,18.77,21.43,48.88,103.99,86.04,83.07,3.4936,6.51,2.49,139.5,1,1,1,170.8,READY,nao
2026-09-03 12:00:59,23.53,16.71,49.77,110.0,81.82,100.02,4.073,24.03,4.76,144.6,1,1,1,179.6,READY,nao
2026-09-03 12:01:00,24.61,19.64,51.24,55.34,62.49,111.78,3.5792,10.95,3.84,109.7,1,1,1,142.2,READY,nao
2026-09-03 12:01:01,22.61,2.45,51.9,43.69,80.5,108.28,4.5239,6.84,6.93,105.52,1,1,1,83.8,READY,nao
2026-09-03 12:01:02,32.09,-0.23,50.61,98.05,92.26,82.01,3.8293,16.98,2.34,133.27,1,1,1,163.8,READY,nao
2026-09-03 12:01:03,24.06,-4.49,48.51,47.48,78.37,82.92,3.1524,17.47,4.51,107.65,1,1,1,51.6,READY,nao
2026-09-03 12:01:04,22.78,7.27,48.53,102.26,62.08,96.11,2.8955,17.97,4.75,138.28,1,1,1,76.2,READY,nao
2026-09-03 12:01:05,27.23,15.65,50.43,62.37,91.45,91.81,4.2341,10.35,6.35,100.14,1,1,1,166.1,READY,nao
2026-09-03 12:01:06,20.4,8.73,47.43,86.75,68.05,89.3,2.8823,5.3,5.45,101.3,1,1,1,79.6,READY,nao
2026-09-03 12:01:07,31.64,10.31,46.66,29.55,70.34,91.24,2.9946,24.3,6.0,143.96,1,1,1,74.8,READY,nao
2026-09-03 12:01:08,19.27,26.65,48.13,82.39,66.59,112.14,3.5941,10.02,6.66,128.69,1,1,1,63.6,READY,nao
2026-09-03 12:01:09,34.78,7.19,47.72,65.18,73.21,117.17,4.0934,18.52,7.17,137.34,1,1,1,161.0,READY,nao
2026-09-03 12:01:10,31.13,12.99,47.78,78.66,90.27,96.2,4.1492,19.13,3.88,111.22,1,1,1,112.5,READY,nao
2026-09-03 12:01:11,21.38,22.43,47.4,36.8,80.78,116.24,4.4508,17.2,5.23,128.82,1,1,1,136.1,READY,nao
2026-09-03 12:01:12,18.09,8.88,46.25,93.69,68.2,92.86,2.929,11.26,7.04,124.71,1,1,1,77.3,READY,nao
2026-09-03 12:01:13,31.86,16.77,46.11,106.28,95.11,99.06,4.3443,10.42,7.94,125.16,1,1,1,147.3,READY,nao
2026-09-03 12:01:14,30.02,25.18,51.93,41.67,95.18,89.04,4.401,16.95,7.34,129.13,1,1,1,147.6,READY,nao
2026-09-03 12:01:15,30.39,28.23,48.57,29.57,94.82,105.62,4.8642,22.32,4.23,123.77,1,1,1,87.2,READY,nao
2026-09-03 12:01:16,31.11,0.15,48.31,22.36,69.55,119.16,4.0037,23.93,3.17,116.45,1,1,1,100.4,READY,nao
2026-09-03 12:01:17,19.26,27.43,50.08,84.2,78.05,104.14,4.0706,7.12,4.94,108.8,1,1,1,73.3,READY,nao
2026-09-03 12:01:18,24.09,12.22,47.31,80.71,99.4,94.31,4.435,8.1,6.45,133.43,1,1,1,176.8,READY,nao
2026-09-03 12:01:19,19.97,4.04,51.7,74.67,90.88,105.91,4.9762,23.89,4.96,106.31,1,1,1,132.2,READY,nao
2026-09-03 12:01:20,32.67,11.07,50.72,43.19,61.09,84.92,2.6312,19.73,4.9,129.62,1,1,1,171.2,READY,nao
2026-09-03 12:01:21,28.6,29.3,46.54,59.09,62.61,115.55,3.367,22.66,7.03,106.67,1,1,1,86.0,READY,nao
2026-09-03 12:01:22,23.63,12.24,48.51,79.45,78.56,100.12,3.8155,9.05,4.17,126.27,1,1,1,150.6,READY,nao
2026-09-03 12:01:23,19.08,6.51,51.27,69.68,96.37,97.97,4.8406,16.75,7.16,132.35,1,1,1,148.4,READY,nao
2026-09-03 12:01:24,23.29,17.17,51.67,118.78,81.55,103.43,4.3582,19.02,4.44,105.94,1,1,1,138.4,READY,nao
2026-09-03 12:01:25,23.53,3.41,48.8,33.64,79.91,104.99,4.0942,18.6,3.97,98.0,1,1,1,175.4,READY,nao
2026-09-03 12:01:26,30.4,-2.34,49.68,89.51,64.22,82.87,2.6439,13.16,4.72,101.55,1,1,1,98.1,READY,nao
2026-09-03 12:01:27,28.84,-0.49,47.0,60.43,86.27,107.3,4.3507,5.31,6.57,125.3,1,1,1,62.6,READY,nao
2026-09-03 12:01:28,33.08,-0.52,51.95,62.82,92.88,89.68,4.3272,16.66,2.76,137.47,1,1,1,135.7,READY,nao
2026-09-03 12:01:29,26.03,0.32,47.39,91.76,75.22,108.56,3.8698,10.06,3.18,97.25,1,1,1,143.5,READY,nao
2026-09-03 12:01:30,20.03,-0.14,51.66,89.24,91.02,112.9,5.3087,14.01,7.71,131.71,1,1,1,122.6,READY,nao
2026-09-03 12:01:31,30.13,17.43,49.9,119.13,98.58,112.16,5.5173,24.15,3.05,112.07,1,1,1,72.9,READY,nao
2026-09-03 12:01:32,30.93,1.37,49.65,32.84,68.15,102.1,3.4547,12.98,5.41,118.93,1,1,1,113.1,READY,nao
2026-09-03 12:01:33,27.54,7.1,49.08,30.41,80.93,100.81,4.0042,21.8,5.48,141.44,1,1,1,87.1,READY,nao
2026-09-03 12:01:34,31.11,26.39,47.38,92.43,71.49,85.72,2.9035,8.77,4.94,111.6,1,1,1,102.7,READY,nao
2026-09-03 12:01:35,26.39,11.59,47.06,77.84,91.71,111.01,4.7911,18.45,5.87,118.27,1,1,1,132.1,READY,nao
2026-09-03 12:01:36,26.89,18.36,47.32,47.42,83.1,90.86,3.5729,24.54,3.38,95.68,1,1,1,145.6,READY,nao
2026-09-03 12:01:37,25.27,1.03,47.12,27.94,85.38,99.87,4.0179,7.04,5.32,99.08,1,1,1,76.4,READY,nao
2026-09-03 12:01:38,18.43,1.73,50.68,28.57,91.92,91.37,4.2565,5.17,4.23,107.93,1,1,1,99.7,READY,nao
2026-09-03 12:01:39,19.83,-3.57,48.1,109.42,75.84,85.35,3.1135,13.67,5.97,96.39,1,1,1,81.3,READY,nao
2026-09-03 12:01:40,18.53,0.91,46.35,39.19,96.6,105.18,4.7093,6.85,2.85,126.57,1,1,1,71.8,READY,nao
2026-09-03 12:01:41,28.82,4.75,51.81,52.34,81.32,82.17,3.462,19.97,5.43,116.32,1,1,1,150.8,READY,nao
2026-09-03 12:01:42,23.34,1.2,51.3,42.67,66.32,109.95,3.7407,23.29,3.11,122.41,1,1,1,167.7,READY,nao
2026-09-03 12:01:43,26.65,-1.9,51.57,55.5,87.84,92.7,4.1992,13.68,3.67,103.73,1,1,1,95.0,READY,nao
2026-09-03 12:01:44,33.43,-0.78,51.97,26.94,91.73,80.01,3.8142,10.17,3.31,109.8,1,1,1,146.4,READY,nao
2026-09-03 12:01:45,22.24,11.13,47.04,71.91,72.67,100.45,3.4338,13.69,3.1,128.19,1,1,1,166.1,READY,nao
2026-09-03 12:01:46,24.98,2.22,48.38,26.76,94.29,81.87,3.7347,19.47,6.95,143.27,1,1,1,159.2,READY,nao
2026-09-03 12:01:47,30.84,7.75,50.55,100.04,96.25,91.05,4.43,5.18,3.71,97.52,1,1,1,69.7,READY,nao
2026-09-03 12:01:48,21.89,12.62,50.18,43.37,71.08,108.28,3.8621,16.79,7.56,139.52,1,1,1,174.1,READY,nao
2026-09-03 12:01:49,19.31,19.16,46.92,74.0,99.34,82.51,3.8458,17.27,7.82,123.84,1,1,1,95.9,READY,nao
2026-09-03 12:01:50,22.93,-3.62,50.89,108.01,65.63,113.57,3.7931,17.75,5.43,123.2,1,1,1,90.8,READY,nao
2026-09-03 12:01:51,20.74,22.98,47.35,85.09,68.08,80.15,2.5837,9.84,2.86,120.01,1,1,1,53.4,READY,nao
2026-09-03 12:01:52,33.8,16.98,47.34,73.3,67.37,89.87,2.8662,19.28,4.25,98.47,1,1,1,110.6,READY,nao
2026-09-03 12:01:53,31.74,-2.14,49.22,52.43,95.76,109.64,5.1677,6.83,6.79,99.49,1,1,1,59.7,READY,nao
2026-09-03 12:01:54,28.77,25.58,49.56,53.3,86.17,92.65,3.9567,8.99,4.2,125.05,1,1,1,78.6,READY,nao
2026-09-03 12:01:55,32.81,27.23,49.48,86.95,66.08,84.08,2.7491,22.55,2.52,112.05,1,1,1,87.8,READY,nao
2026-09-03 12:01:56,31.66,-2.86,46.55,119.41,77.61,94.41,3.4108,19.77,5.34,140.86,1,1,1,154.2,READY,nao
2026-09-03 12:01:57,21.17,4.69,51.26,86.18,84.61,90.82,3.939,5.27,7.07,115.33,1,1,1,163.2,READY,nao
2026-09-03 12:01:58,33.17,23.22,47.59,75.78,63.34,113.71,3.4276,9.97,6.78,102.16,1,1,1,85.8,READY,nao
2026-09-03 12:01:59,27.17,21.19,46.78,93.07,95.3,92.53,4.1251,9.29,3.05,130.74,1,1,1,160.9,READY,nao
2026-09-03 12:02:00,31.73,1.46,51.33,66.52,92.14,111.56,5.2763,10.42,6.04,109.67,1,1,1,160.7,READY,nao
2026-09-03 12:02:01,33.23,2.33,51.73,26.01,80.21,115.67,4.7995,9.95,3.32,121.27,1,1,1,148.2,READY,nao
2026-09-03 12:02:02,23.41,7.97,51.17,76.23,98.69,97.35,4.9161,6.25,3.31,129.89,1,1,1,64.8,READY,nao
2026-09-03 12:02:03,19.87,11.96,50.86,115.76,76.71,116.4,4.5413,14.18,7.24,140.01,1,1,1,138.2,READY,nao
2026-09-03 12:02:04,21.87,16.64,49.93,37.53,99.36,95.09,4.7175,19.65,3.5,134.61,1,1,1,172.6,READY,nao
2026-09-03 12:02:05,25.26,7.91,49.31,89.0,86.72,118.56,5.0698,17.13,3.58,128.82,1,1,1,137.1,READY,nao
2026-09-03 12:02:06,31.91,11.19,46.52,40.09,85.39,83.57,3.3197,18.46,2.0,128.98,1,1,1,89.8,READY,nao
2026-09-03 12:02:07,32.63,21.16,48.45,73.58,66.64,107.48,3.4702,6.62,7.22,142.3,1,1,1,112.6,READY,nao
2026-09-03 12:02:08,18.12,-3.72,48.24,29.67,95.28,99.75,4.5848,24.03,6.76,109.79,1,1,1,132.2,READY,nao
2026-09-03 12:02:09,26.68,3.84,47.56,65.04,77.1,95.51,3.5022,21.77,5.76,95.06,1,1,1,113.9,READY,nao
2026-09-03 12:02:10,25.1,19.97,50.34,95.62,66.49,105.31,3.5248,21.1,6.5,108.6,1,1,1,61.2,READY,nao
2026-09-03 12:02:11,21.78,26.33,48.98,54.76,18.5,108.15,0.98,21.46,2.91,105.89,0,1,0,87.1,ABORT,sim
2026-09-03 12:02:12,20.04,12.91,46.49,86.49,82.39,80.17,3.0708,23.65,4.75,128.09,1,1,1,153.3,READY,nao
2026-09-03 12:02:13,23.74,13.62,47.32,99.54,81.1,86.68,3.3265,15.89,4.11,126.69,1,1,1,161.3,READY,nao
2026-09-03 12:02:14,59.53,-1.25,50.1,112.72,88.77,108.52,4.8263,9.01,2.56,124.67,0,1,1,63.5,ABORT,sim
2026-09-03 12:02:15,23.49,10.66,46.46,43.46,95.61,106.66,4.7379,17.34,4.92,95.81,1,1,1,173.6,READY,nao
2026-09-03 12:02:16,26.82,13.64,51.11,59.93,63.18,118.64,3.831,19.86,7.52,131.44,1,1,1,89.4,READY,nao
2026-09-03 12:02:17,29.95,3.49,48.97,35.24,89.26,110.44,4.8274,19.76,2.24,111.18,1,1,1,134.4,READY,nao
2026-09-03 12:02:18,24.18,4.42,48.88,119.25,67.5,118.03,3.8943,15.43,3.75,128.25,1,1,1,146.5,READY,nao
2026-09-03 12:02:19,34.52,8.2,49.55,112.7,94.33,108.1,5.0526,6.37,3.25,122.83,1,1,1,154.6,READY,nao
2026-09-03 12:02:20,34.36,-4.3,50.95,74.0,92.76,91.92,4.3443,12.42,3.43,112.14,1,1,1,172.7,READY,nao
2026-09-03 12:02:21,22.28,6.27,48.09,104.2,81.63,84.21,3.3057,23.42,7.45,101.73,1,1,1,87.2,READY,nao
2026-09-03 12:02:22,26.45,2.4,50.07,72.1,88.41,111.27,4.9256,16.69,4.81,99.72,1,1,1,160.9,READY,nao
2026-09-03 12:02:23,23.11,6.46,49.39,82.36,72.57,105.77,3.791,15.77,4.8,136.58,1,1,1,62.8,READY,nao
2026-09-03 12:02:24,22.84,-0.81,47.6,28.91,78.85,81.93,3.075,10.38,6.56,140.92,1,1,1,140.2,READY,nao
2026-09-03 12:02:25,18.63,26.17,51.27,95.53,92.87,94.4,4.4948,12.37,2.93,127.49,1,1,1,145.2,READY,nao
2026-09-03 12:02:26,28.36,15.78,50.78,32.77,78.37,118.27,4.7067,22.91,4.92,100.17,1,1,1,136.5,READY,nao
2026-09-03 12:02:27,26.55,18.77,49.95,102.61,74.31,100.02,3.7125,18.33,4.58,115.1,1,1,1,79.1,READY,nao
2026-09-03 12:02:28,18.88,22.62,51.1,98.2,79.77,97.31,3.9666,20.75,5.58,131.45,1,1,1,162.9,READY,nao
2026-09-03 12:02:29,22.74,12.45,51.2,90.87,93.13,98.31,4.6877,14.09,8.0,133.99,1,1,1,67.8,READY,nao
2026-09-03 12:02:30,33.44,-1.96,50.25,23.62,73.41,88.36,3.2595,17.6,6.62,100.91,1,1,1,52.2,READY,nao
2026-09-03 12:02:31,22.07,13.8,51.02,50.31,66.95,94.75,3.2365,9.97,4.39,95.0,1,1,1,141.9,READY,nao
2026-09-03 12:02:32,20.46,15.54,50.18,46.31,88.48,94.79,4.2086,19.11,6.97,130.61,1,1,1,109.2,READY,nao
2026-09-03 12:02:33,26.32,21.09,50.08,56.01,93.04,82.09,3.8249,13.55,3.02,112.83,1,1,1,159.6,READY,nao
2026-09-03 12:02:34,34.76,10.11,49.71,28.76,64.03,110.7,3.5235,13.85,2.18,107.72,1,1,1,96.8,READY,nao
2026-09-03 12:02:35,22.11,-0.53,50.52,113.7,69.59,96.66,3.3983,17.99,3.23,95.64,1,1,1,67.7,READY,nao
2026-09-03 12:02:36,29.43,4.93,46.95,75.38,65.68,112.89,3.4812,23.73,4.04,122.01,1,1,1,157.9,READY,nao
2026-09-03 12:02:37,30.95,7.71,51.29,50.55,73.92,114.01,4.3225,6.28,5.06,137.56,1,1,1,119.1,READY,nao
2026-09-03 12:02:38,22.04,17.61,51.23,59.7,78.01,88.48,3.5361,21.49,5.69,142.88,1,1,1,70.5,READY,nao
2026-09-03 12:02:39,30.38,14.98,46.18,64.72,89.95,106.29,4.4152,10.85,7.46,123.29,1,1,1,142.3,READY,nao
2026-09-03 12:02:40,24.25,7.46,50.95,80.06,86.05,98.89,4.3356,13.88,5.06,120.72,1,1,1,114.0,READY,nao
2026-09-03 12:02:41,28.75,29.53,46.77,71.57,84.84,115.21,4.5715,5.44,5.01,99.25,1,1,1,126.6,READY,nao
2026-09-03 12:02:42,28.77,16.2,48.01,111.94,74.09,88.63,3.1526,11.02,2.3,122.44,1,1,1,107.2,READY,nao
2026-09-03 12:02:43,27.11,3.3,50.46,69.7,93.66,107.11,5.0621,15.05,2.21,114.0,1,1,1,156.9,READY,nao
2026-09-03 12:02:44,19.53,-1.44,46.96,119.22,78.85,104.31,3.8624,6.12,5.31,125.36,1,1,1,157.0,READY,nao
2026-09-03 12:02:45,32.2,0.35,50.91,105.14,99.16,91.81,4.6348,14.82,4.63,114.44,1,1,1,140.8,READY,nao
2026-09-03 12:02:46,23.45,3.61,50.99,40.85,85.37,85.46,3.7201,23.54,7.04,107.01,1,1,1,59.2,READY,nao
2026-09-03 12:02:47,21.17,0.62,49.04,113.06,65.05,106.07,3.3837,7.11,2.96,99.75,1,1,1,158.2,READY,nao
2026-09-03 12:02:48,18.69,1.53,46.04,31.64,87.05,109.54,4.3901,20.29,2.15,110.75,1,1,1,135.6,READY,nao
2026-09-03 12:02:49,28.05,4.98,47.72,101.74,73.0,92.63,3.2268,13.19,4.69,99.83,1,1,1,139.1,READY,nao
2026-09-03 12:02:50,29.52,1.07,49.7,58.06,87.45,105.79,4.5979,18.1,3.42,103.84,1,1,1,94.0,READY,nao
2026-09-03 12:02:51,18.28,26.39,51.89,107.8,62.79,95.81,3.1217,10.2,2.3,144.37,1,1,1,163.7,READY,nao
2026-09-03 12:02:52,26.71,-2.19,49.79,106.81,67.0,108.53,3.6205,8.19,6.35,117.21,1,1,1,142.9,READY,nao
2026-09-03 12:02:53,21.85,13.36,47.56,100.59,94.23,87.97,3.9424,8.21,2.67,121.59,1,1,1,60.2,READY,nao
2026-09-03 12:02:54,28.97,9.36,49.8,99.0,69.09,115.61,3.9778,6.41,5.65,138.68,1,1,1,100.1,READY,nao
2026-09-03 12:02:55,20.96,29.38,49.24,50.47,93.48,91.5,4.2117,8.71,3.69,144.78,1,1,1,164.7,READY,nao
2026-09-03 12:02:56,29.75,-1.08,50.68,28.09,71.17,94.71,3.4161,18.28,3.04,124.14,1,1,1,51.4,READY,nao
2026-09-03 12:02:57,24.57,8.92,46.64,60.3,85.72,82.32,3.2911,22.63,4.28,135.62,1,1,1,174.8,READY,nao
2026-09-03 12:02:58,33.92,28.93,50.57,37.35,87.77,84.46,3.7488,21.28,6.81,111.35,1,1,1,136.7,READY,nao
2026-09-03 12:02:59,20.34,25.29,49.25,89.5,80.51,100.63,3.9901,18.7,4.35,110.29,1,1,1,130.2,READY,nao
2026-09-03 12:03:00,23.8,23.6,51.78,54.61,72.21,90.7,3.3913,7.21,6.5,115.14,1,1,1,81.5,READY,nao
2026-09-03 12:03:01,19.93,4.03,48.05,117.56,68.51,113.42,3.7337,10.78,2.75,128.63,1,1,1,78.6,READY,nao
2026-09-03 12:03:02,33.72,0.98,49.8,84.1,61.33,80.59,2.4614,11.2,6.64,129.11,1,1,1,172.2,READY,nao
2026-09-03 12:03:03,32.91,18.4,51.59,102.25,72.16,95.16,3.5426,10.0,3.42,110.76,1,1,1,85.3,READY,nao
2026-09-03 12:03:04,22.39,27.53,46.62,33.25,86.13,93.49,3.754,15.3,6.06,101.66,1,1,1,149.7,READY,nao
2026-09-03 12:03:05,29.22,14.49,51.62,106.2,97.53,80.77,4.0664,15.71,5.39,126.62,1,1,1,98.1,READY,nao
2026-09-03 12:03:06,31.89,15.01,50.13,112.28,94.85,84.97,4.0402,12.14,7.57,101.42,1,1,1,63.8,READY,nao
2026-09-03 12:03:07,27.44,4.8,46.41,68.71,90.64,96.55,4.0615,12.08,4.32,123.92,1,1,1,46.4,READY,nao
2026-09-03 12:03:08,27.0,21.93,47.81,80.63,91.54,99.71,4.3638,21.57,2.4,129.67,1,1,1,118.5,READY,nao
2026-09-03 12:03:09,22.11,1.55,50.25,96.48,86.6,96.17,4.185,20.79,2.11,130.03,1,1,1,176.7,READY,nao
2026-09-03 12:03:10,19.58,6.33,46.4,37.48,70.41,101.24,3.3075,11.16,6.96,132.67,1,1,1,94.8,READY,nao
2026-09-03 12:03:11,33.25,9.89,49.49,70.26,96.29,103.81,4.947,23.28,5.15,138.64,1,1,1,93.2,READY,nao
2026-09-03 12:03:12,33.31,12.77,48.08,59.87,86.83,80.4,3.3565,24.06,6.65,120.0,1,1,1,91.5,READY,nao
2026-09-03 12:03:13,28.76,3.48,49.73,34.64,82.42,98.56,4.0397,11.53,3.41,131.51,1,1,1,115.3,READY,nao
2026-09-03 12:03:14,23.76,-0.98,46.27,56.75,64.44,118.54,3.5344,12.09,4.07,125.96,1,1,1,104.5,READY,nao
2026-09-03 12:03:15,23.94,16.37,51.23,26.82,77.88,100.76,4.0201,15.11,2.18,104.33,1,1,1,163.8,READY,nao
2026-09-03 12:03:16,30.34,5.1,51.84,22.58,78.41,107.1,4.3534,23.82,7.77,96.28,1,1,1,113.2,READY,nao
2026-09-03 12:03:17,33.25,15.34,51.81,33.52,94.58,92.47,4.5312,22.53,6.01,109.23,1,1,1,113.5,READY,nao
2026-09-03 12:03:18,33.08,0.4,50.5,116.31,81.87,110.96,4.5876,7.05,7.6,117.15,1,1,1,63.7,READY,nao
2026-09-03 12:03:19,31.26,11.84,46.78,74.95,75.22,110.92,3.903,12.85,3.59,125.86,1,1,1,177.7,READY,nao
2026-09-03 12:03:20,28.91,13.64,50.55,116.58,99.07,100.85,5.0506,16.07,5.67,137.5,1,1,1,78.7,READY,nao
2026-09-03 12:03:21,19.43,-3.19,46.15,63.25,64.43,119.04,3.5396,15.06,6.07,104.81,1,1,1,54.9,READY,nao
2026-09-03 12:03:22,20.75,6.78,46.13,51.18,76.9,85.02,3.016,8.88,3.91,101.28,1,1,1,134.5,READY,nao
2026-09-03 12:03:23,33.28,-0.3,47.94,70.61,61.68,80.68,2.3857,22.18,7.09,143.17,1,1,1,125.4,READY,nao
2026-09-03 12:03:24,28.31,-2.78,48.93,63.95,89.6,110.81,4.8581,18.54,7.68,100.4,1,1,1,101.0,READY,nao
2026-09-03 12:03:25,18.16,29.65,50.62,30.57,96.72,112.29,5.4977,21.76,7.31,118.92,1,1,1,102.0,READY,nao
2026-09-03 12:03:26,19.73,6.28,50.1,84.08,71.2,84.81,3.0253,22.18,6.43,124.28,1,1,1,151.0,READY,nao
2026-09-03 12:03:27,29.28,23.35,48.68,41.6,94.33,90.62,4.1613,19.97,3.66,122.07,1,1,1,71.4,READY,nao
2026-09-03 12:03:28,18.09,3.91,47.64,81.96,71.69,80.7,2.7562,13.78,3.69,99.3,1,1,1,155.7,READY,nao
2026-09-03 12:03:29,20.73,18.85,51.98,85.02,96.43,91.73,4.5979,17.21,7.78,97.85,1,1,1,132.6,READY,nao
2026-09-03 12:03:30,27.33,21.61,48.56,35.2,90.16,110.93,4.8567,8.21,2.06,100.27,1,1,1,101.6,READY,nao
2026-09-03 12:03:31,29.76,15.85,48.71,26.13,92.2,100.72,4.5234,18.47,6.3,124.28,1,1,1,106.8,READY,nao
2026-09-03 12:03:32,29.08,11.51,46.98,98.08,60.72,93.92,2.6792,8.59,6.24,122.22,1,1,1,79.6,READY,nao
2026-09-03 12:03:33,21.81,9.41,50.77,65.98,98.51,94.87,4.7448,18.88,5.74,106.69,1,1,1,146.5,READY,nao
2026-09-03 12:03:34,30.11,7.21,50.16,25.82,89.07,80.05,3.5764,9.59,7.94,126.89,1,1,1,114.2,READY,nao
2026-09-03 12:03:35,22.03,27.53,47.32,119.49,72.19,91.99,3.1424,7.35,3.87,136.0,1,1,1,88.3,READY,nao
2026-09-03 12:03:36,23.53,24.07,46.49,25.78,93.18,105.86,4.5858,8.31,4.04,97.08,1,1,1,125.5,READY,nao
2026-09-03 12:03:37,30.69,28.78,50.08,89.5,71.26,118.97,4.2457,5.04,2.47,119.91,1,1,1,179.4,READY,nao
2026-09-03 12:03:38,29.04,-0.65,49.93,118.37,94.91,113.88,5.3966,19.37,4.66,129.47,1,1,1,103.8,READY,nao
2026-09-03 12:03:39,32.44,20.58,47.64,43.92,64.5,80.94,2.4871,19.65,3.57,107.62,1,1,1,169.3,READY,nao
2026-09-03 12:03:40,29.18,27.84,51.71,34.22,88.15,115.94,5.2848,15.3,4.06,110.39,1,1,1,91.6,READY,nao
2026-09-03 12:03:41,27.66,1.34,46.91,32.14,81.63,111.33,4.2631,8.23,7.01,125.68,1,1,1,52.4,READY,nao
2026-09-03 12:03:42,19.59,-2.67,48.59,50.33,63.86,111.22,3.4511,6.67,7.61,139.9,1,1,1,72.6,READY,nao
2026-09-03 12:03:43,24.25,20.94,51.66,30.1,69.68,98.32,3.5392,5.38,3.11,135.5,1,1,1,101.5,READY,nao
2026-09-03 12:03:44,22.51,15.11,48.52,89.22,60.5,95.92,2.8157,8.31,4.24,124.16,1,1,1,74.7,READY,nao
2026-09-03 12:03:45,22.15,24.46,49.83,26.23,78.75,92.12,3.6149,22.82,7.57,131.51,1,1,1,45.0,READY,nao
2026-09-03 12:03:46,34.54,-0.11,48.39,70.94,72.05,82.63,2.8809,9.83,2.37,113.24,1,1,1,168.5,READY,nao
2026-09-03 12:03:47,24.68,22.83,47.65,119.67,83.93,89.13,3.5645,12.09,2.55,127.05,1,1,1,158.9,READY,nao
2026-09-03 12:03:48,33.16,2.06,51.9,101.4,71.89,89.86,3.3528,7.11,2.98,118.31,1,1,1,145.2,READY,nao
2026-09-03 12:03:49,28.73,0.73,48.46,81.52,72.0,99.36,3.4668,9.45,5.57,104.5,0,1,1,67.7,ABORT,sim
2026-09-03 12:03:50,31.51,0.75,51.36,50.63,89.73,109.9,5.0648,15.38,2.9,130.09,1,1,1,61.2,READY,nao
2026-09-03 12:03:51,26.54,23.51,47.38,82.39,61.93,98.95,2.9034,17.16,7.81,122.82,1,1,1,54.1,READY,nao
2026-09-03 12:03:52,27.81,18.28,47.28,72.7,96.12,82.31,3.7406,9.91,4.68,112.93,1,1,1,142.7,READY,nao
2026-09-03 12:03:53,26.37,13.31,46.19,62.61,94.09,118.31,5.1418,6.15,5.01,140.57,1,1,1,170.4,READY,nao
2026-09-03 12:03:54,21.32,7.56,49.91,33.07,86.71,117.71,5.0941,12.82,3.48,96.05,1,1,1,103.1,READY,nao
2026-09-03 12:03:55,30.28,25.7,48.21,108.66,83.73,111.41,4.4972,9.68,4.83,110.79,1,1,1,61.1,READY,nao
2026-09-03 12:03:56,22.77,8.74,51.19,64.98,95.69,119.65,5.8609,9.39,5.97,97.84,1,1,1,114.2,READY,nao
2026-09-03 12:03:57,18.41,23.58,48.84,39.46,67.41,101.78,3.3509,24.2,6.51,133.33,1,1,1,92.1,READY,nao
2026-09-03 12:03:58,28.97,10.37,51.81,56.78,63.16,118.51,3.878,17.33,6.52,130.11,1,1,1,95.6,READY,nao
2026-09-03 12:03:59,21.01,8.19,47.11,61.41,69.58,83.02,2.7213,16.14,5.47,111.57,1,1,1,128.9,READY,nao
2026-09-03 12:04:00,33.99,11.19,51.21,102.75,91.78,94.63,4.4477,13.32,7.43,128.78,1,1,1,142.0,READY,nao
2026-09-03 12:04:01,34.22,5.55,50.66,93.36,61.39,89.02,2.7685,13.58,6.9,114.8,1,1,1,59.9,READY,nao
2026-09-03 12:04:02,33.55,21.17,50.63,96.93,83.31,87.83,3.7047,15.82,6.54,132.81,1,1,1,49.8,READY,nao
2026-09-03 12:04:03,24.29,12.6,51.07,21.1,99.82,85.63,4.3653,18.93,2.33,117.71,1,1,1,179.2,READY,nao
2026-09-03 12:04:04,18.26,3.13,50.57,61.62,94.23,104.9,4.9987,19.04,2.04,115.61,1,1,1,76.4,READY,nao
2026-09-03 12:04:05,33.78,26.49,49.76,68.13,80.86,111.25,4.4762,8.43,3.27,141.74,1,1,1,52.3,READY,nao
2026-09-03 12:04:06,25.28,8.44,46.79,21.92,62.55,103.13,3.0183,15.0,5.98,107.54,1,1,1,70.6,READY,nao
2026-09-03 12:04:07,34.43,14.02,46.2,45.98,93.25,85.88,3.6998,13.24,4.47,101.02,1,1,1,50.3,READY,nao
2026-09-03 12:04:08,34.38,26.73,51.53,96.03,83.96,112.44,4.8647,22.41,4.41,124.23,1,1,1,97.9,READY,nao
2026-09-03 12:04:09,32.5,16.85,49.7,33.71,64.6,105.44,3.3853,17.63,7.31,143.47,1,1,1,153.3,READY,nao
2026-09-03 12:04:10,23.01,-0.91,50.78,73.53,63.75,95.53,3.0925,15.65,7.37,113.89,1,1,1,91.1,READY,nao
2026-09-03 12:04:11,24.55,27.89,48.89,41.52,96.39,106.97,5.041,7.31,7.46,98.1,1,1,1,105.0,READY,nao
2026-09-03 12:04:12,32.47,16.97,46.7,21.21,86.77,90.4,3.6632,17.11,3.88,111.97,1,1,1,136.2,READY,nao
2026-09-03 12:04:13,23.39,6.72,46.75,44.12,93.17,93.81,4.0861,7.34,6.15,120.3,1,1,1,113.7,READY,nao
2026-09-03 12:04:14,20.88,-0.13,50.11,117.59,95.16,116.7,5.5648,11.74,3.63,103.1,1,1,1,161.3,READY,nao
2026-09-03 12:04:15,27.47,22.79,48.58,100.15,82.87,91.62,3.6885,7.86,3.14,127.91,1,1,1,161.9,READY,nao
2026-09-03 12:04:16,33.91,16.7,47.2,115.96,80.7,98.8,3.7633,18.84,3.11,144.89,1,1,1,46.3,READY,nao
2026-09-03 12:04:17,29.83,13.67,48.95,68.79,77.22,115.61,4.37,9.13,4.05,117.59,1,1,1,150.0,READY,nao
2026-09-03 12:04:18,27.69,26.29,46.39,30.97,72.68,108.31,3.6518,12.84,4.58,112.74,1,1,1,107.2,READY,nao
2026-09-03 12:04:19,19.65,22.6,49.49,74.8,77.38,82.49,3.159,22.91,6.99,115.04,1,1,1,178.5,READY,nao
2026-09-03 12:04:20,28.46,0.31,47.61,65.44,90.96,85.89,3.7196,9.09,2.72,100.76,1,1,1,110.2,READY,nao
2026-09-03 12:04:21,34.83,5.91,50.79,104.44,84.08,80.31,3.4296,15.16,6.41,139.16,1,1,1,178.2,READY,nao
2026-09-03 12:04:22,20.38,3.7,47.86,29.81,95.7,105.24,4.8202,13.39,5.19,115.74,1,1,1,146.9,READY,nao
2026-09-03 12:04:23,26.81,21.04,48.73,68.82,77.74,97.91,3.7091,5.36,3.73,114.36,1,1,1,78.6,READY,nao
2026-09-03 12:04:24,32.92,-3.83,46.07,35.0,84.28,85.37,3.3147,20.86,4.96,127.98,0,1,0,117.7,ABORT,sim
2026-09-03 12:04:25,30.59,14.95,46.43,52.47,85.25,118.32,4.6833,6.38,3.8,117.1,1,1,1,178.9,READY,nao
2026-09-03 12:04:26,29.85,21.69,48.35,93.74,83.67,101.19,4.0936,14.49,5.58,127.41,1,1,1,160.8,READY,nao
2026-09-03 12:04:27,29.94,25.69,48.88,67.6,88.11,89.68,3.8624,16.21,4.6,98.07,1,1,1,58.1,READY,nao
2026-09-03 12:04:28,24.11,6.97,49.6,57.59,69.5,100.02,3.4479,17.57,2.99,135.69,1,1,1,140.4,READY,nao
2026-09-03 12:04:29,22.99,23.74,47.75,59.45,80.49,107.18,4.1194,18.77,2.7,142.03,1,1,1,91.7,READY,nao
2026-09-03 12:04:30,31.76,-1.13,50.17,65.94,64.17,83.05,2.6737,10.07,5.28,127.44,1,1,1,45.9,READY,nao
2026-09-03 12:04:31,31.77,24.63,51.16,98.5,75.38,90.99,3.509,5.2,7.41,142.73,1,1,1,99.5,READY,nao
2026-09-03 12:04:32,32.74,-0.54,50.68,109.21,79.51,112.28,4.5244,19.47,4.06,102.57,1,1,1,76.7,READY,nao
2026-09-03 12:04:33,33.53,8.91,46.24,115.53,86.09,98.39,3.9167,15.71,6.4,118.87,1,1,1,155.5,READY,nao
2026-09-03 12:04:34,26.69,22.91,48.88,98.69,98.02,101.86,4.8803,21.72,5.95,125.09,1,0,1,90.5,ABORT,sim
2026-09-03 12:04:35,26.53,0.25,46.63,51.54,84.03,97.31,3.8129,21.43,7.59,124.09,1,1,1,156.7,READY,nao
2026-09-03 12:04:36,54.22,3.02,47.45,88.81,17.24,81.76,0.6688,21.87,6.93,115.07,1,1,0,45.1,ABORT,sim
2026-09-03 12:04:37,29.05,20.28,51.92,63.76,80.25,86.63,3.6095,14.7,5.4,111.9,1,1,1,86.6,READY,nao
2026-09-03 12:04:38,29.93,20.2,46.85,45.47,85.36,97.82,3.9119,11.67,5.94,101.34,1,1,1,77.6,READY,nao
2026-09-03 12:04:39,31.53,17.44,48.99,104.09,62.84,88.37,2.7205,20.83,7.39,114.59,1,1,1,76.5,READY,nao
2026-09-03 12:04:40,33.13,19.29,49.71,23.84,70.18,82.0,2.8607,14.03,4.4,103.13,1,1,1,54.2,READY,nao
2026-09-03 12:04:41,23.75,14.0,50.21,110.18,74.47,113.75,4.2533,8.67,3.96,131.72,1,1,1,70.3,READY,nao
2026-09-03 12:04:42,24.38,3.81,49.36,66.15,78.9,119.25,4.6442,22.1,2.06,105.44,1,1,1,120.0,READY,nao
2026-09-03 12:04:43,19.6,7.1,46.06,83.72,61.83,111.73,3.1819,22.65,6.96,97.93,1,1,1,84.3,READY,nao
2026-09-03 12:04:44,27.83,1.36,47.96,85.94,65.6,114.15,3.5914,14.33,6.81,122.62,1,1,1,101.3,READY,nao
2026-09-03 12:04:45,18.61,26.8,49.11,109.51,71.07,89.68,3.1301,6.51,2.63,124.76,1,1,1,95.9,READY,nao
2026-09-03 12:04:46,25.92,15.42,46.53,83.67,98.86,118.43,5.4477,12.76,5.46,138.6,1,1,1,163.2,READY,nao
2026-09-03 12:04:47,27.22,9.03,48.1,81.39,73.25,87.88,3.0963,21.07,4.78,123.85,1,1,1,167.2,READY,nao
2026-09-03 12:04:48,22.87,11.17,46.2,26.67,79.28,118.06,4.3242,23.04,2.71,112.27,1,1,1,111.5,READY,nao
2026-09-03 12:04:49,28.04,28.15,46.47,71.84,67.84,119.79,3.7764,9.07,7.88,135.15,1,1,1,89.6,READY,nao
2026-09-03 12:04:50,18.52,0.37,48.38,35.02,84.43,108.47,4.4307,6.34,3.29,122.01,1,1,1,59.4,READY,nao
2026-09-03 12:04:51,18.63,15.52,46.8,93.74,71.23,119.25,3.9753,22.55,2.4,98.96,1,1,1,173.7,READY,nao
2026-09-03 12:04:52,31.98,12.71,49.41,71.22,68.28,102.78,3.4675,12.79,5.57,123.29,1,1,1,53.1,READY,nao
2026-09-03 12:04:53,24.12,16.4,50.14,88.02,80.66,90.38,3.6552,15.84,6.43,140.4,1,1,1,85.2,READY,nao
2026-09-03 12:04:54,20.16,-4.37,50.8,24.17,60.22,97.48,2.9821,24.36,2.19,114.82,1,1,1,85.2,READY,nao
2026-09-03 12:04:55,26.88,25.52,47.2,28.48,60.31,103.74,2.9531,6.33,5.95,109.82,1,1,1,88.3,READY,nao
2026-09-03 12:04:56,31.09,27.62,47.0,91.63,68.76,82.92,2.6797,17.97,5.19,102.17,1,1,1,67.2,READY,nao
2026-09-03 12:04:57,21.67,14.78,46.63,27.21,61.47,104.89,3.0065,6.48,2.62,102.57,1,1,1,150.7,READY,nao
2026-09-03 12:04:58,28.59,19.38,49.82,27.13,64.32,119.25,3.8213,12.51,3.04,116.64,1,1,1,61.5,READY,nao
2026-09-03 12:04:59,19.45,27.29,50.24,21.21,73.55,87.6,3.237,21.08,5.41,124.78,1,1,1,130.7,READY,nao
2026-09-03 12:05:00,18.88,19.75,46.19,115.65,92.1,111.7,4.7518,13.67,3.78,99.03,1,1,1,61.7,READY,nao
2026-09-03 12:05:01,27.03,0.34,51.62,93.75,82.88,116.32,4.9765,24.94,7.63,141.98,1,1,1,54.5,READY,nao
2026-09-03 12:05:02,27.19,15.17,46.31,55.33,80.51,117.75,4.3902,16.18,6.91,132.76,1,1,1,167.8,READY,nao
2026-09-03 12:05:03,28.84,16.24,49.25,49.65,71.74,118.41,4.1837,11.42,7.9,124.33,1,1,1,70.7,READY,nao
2026-09-03 12:05:04,30.34,9.84,50.25,54.97,97.27,100.86,4.9299,9.4,3.56,136.42,1,1,1,155.9,READY,nao
2026-09-03 12:05:05,34.59,20.78,51.23,97.47,75.88,119.09,4.6294,12.01,7.82,99.01,1,1,1,118.5,READY,nao
2026-09-03 12:05:06,59.06,27.7,50.28,86.14,13.63,110.29,0.7558,12.45,4.59,118.84,1,1,1,55.5,ABORT,sim
2026-09-03 12:05:07,23.49,27.39,50.81,38.52,84.68,86.47,3.7205,6.37,4.09,126.5,1,1,1,174.0,READY,nao
2026-09-03 12:05:08,31.52,10.78,48.04,37.41,64.55,99.08,3.0725,12.39,2.3,136.43,1,1,1,78.3,READY,nao
2026-09-03 12:05:09,22.6,-1.04,50.89,29.84,73.81,108.73,4.0841,14.28,2.32,134.17,1,1,1,161.1,READY,nao
2026-09-03 12:05:10,25.46,29.47,46.48,86.03,80.3,89.89,3.355,19.45,6.15,108.85,1,1,1,67.8,READY,nao
2026-09-03 12:05:11,19.33,24.36,51.37,96.44,94.97,105.62,5.1528,18.13,4.75,142.04,1,1,1,160.3,READY,nao
2026-09-03 12:05:12,18.43,-0.64,49.29,46.5,79.74,106.66,4.1921,19.18,3.36,101.22,1,1,1,46.8,READY,nao
2026-09-03 12:05:13,34.37,27.23,50.9,22.09,88.09,86.51,3.8789,5.17,5.68,138.76,1,1,1,114.1,READY,nao
2026-09-03 12:05:14,32.21,25.45,48.71,28.22,99.71,102.6,4.9832,9.35,3.52,143.55,1,1,1,148.9,READY,nao
2026-09-03 12:05:15,29.83,13.16,49.86,116.79,65.26,110.87,3.6076,18.23,5.47,103.86,1,1,1,171.2,READY,nao
2026-09-03 12:05:16,24.95,15.69,49.16,49.54,70.99,99.96,3.4885,14.68,4.16,131.1,1,1,1,167.7,READY,nao
2026-09-03 12:05:17,20.95,8.97,50.39,96.92,75.78,80.48,3.0732,5.11,6.94,97.01,1,1,1,155.6,READY,nao
2026-09-03 12:05:18,20.66,-3.08,46.49,82.47,76.87,80.36,2.8718,21.09,6.92,115.27,1,1,1,164.9,READY,nao
2026-09-03 12:05:19,22.25,6.73,46.36,58.19,76.44,94.28,3.3411,20.46,4.86,120.81,1,1,1,71.9,READY,nao
2026-09-03 12:05:20,27.34,23.1,47.48,40.57,96.3,117.05,5.3519,15.97,4.1,124.03,1,1,1,83.4,READY,nao
2026-09-03 12:05:21,30.15,-4.84,46.96,32.14,88.56,89.15,3.7076,6.33,4.18,141.8,1,1,1,84.0,READY,nao
2026-09-03 12:05:22,29.22,6.67,51.23,81.5,84.32,105.37,4.5517,20.33,6.83,128.61,1,1,1,95.9,READY,nao
2026-09-03 12:05:23,22.76,8.94,47.32,97.46,72.37,88.88,3.0437,16.67,3.97,119.06,1,1,1,98.1,READY,nao
2026-09-03 12:05:24,34.23,13.81,51.86,84.39,92.95,92.87,4.4767,20.64,3.25,135.48,1,1,1,118.5,READY,nao
2026-09-03 12:05:25,30.54,27.19,48.02,73.03,98.2,113.92,5.372,20.03,2.51,142.53,1,1,1,66.6,READY,nao
2026-09-03 12:05:26,27.42,7.12,47.09,24.2,92.85,109.15,4.7724,21.06,4.8,96.1,1,1,1,138.3,READY,nao
2026-09-03 12:05:27,28.4,7.14,50.74,116.85,60.06,83.82,2.5544,15.36,4.89,49.31,1,1,1,67.6,ABORT,sim
2026-09-03 12:05:28,25.13,20.81,49.95,99.87,85.46,97.15,4.1471,7.81,7.05,99.31,1,1,1,86.9,READY,nao
2026-09-03 12:05:29,22.21,10.83,48.99,49.28,62.05,81.17,2.4674,18.42,3.33,135.72,1,1,1,113.0,READY,nao
2026-09-03 12:05:30,24.05,2.86,49.33,118.0,70.3,99.24,3.4415,17.41,4.29,109.02,1,1,1,152.5,READY,nao
2026-09-03 12:05:31,30.88,10.84,50.32,80.19,62.38,106.5,3.343,19.85,6.85,101.61,1,1,1,144.8,READY,nao
2026-09-03 12:05:32,18.24,-0.07,47.37,78.24,84.15,84.74,3.3779,8.4,6.94,116.99,1,1,1,132.1,READY,nao
2026-09-03 12:05:33,19.97,1.17,51.98,94.81,87.46,91.56,4.1625,8.9,4.31,127.2,1,1,1,66.0,READY,nao
2026-09-03 12:05:34,18.78,12.44,51.85,101.18,64.58,95.91,3.2115,22.81,4.75,114.05,1,1,1,118.9,READY,nao
2026-09-03 12:05:35,18.69,9.66,49.9,85.65,75.35,116.78,4.3909,20.0,3.82,97.73,1,1,1,56.8,READY,nao
2026-09-03 12:05:36,32.54,27.02,47.2,32.81,78.25,119.73,4.4221,23.16,7.6,124.97,1,1,1,95.9,READY,nao
2026-09-03 12:05:37,63.54,7.68,50.08,53.83,74.76,81.8,3.0626,20.17,2.71,53.39,1,1,1,100.8,ABORT,sim
2026-09-03 12:05:38,26.06,15.32,46.43,112.81,64.84,110.44,3.3248,16.94,7.6,114.16,1,1,1,50.4,READY,nao
2026-09-03 12:05:39,19.66,17.13,46.18,42.46,76.76,94.87,3.3629,18.08,6.1,105.82,1,1,1,82.0,READY,nao
2026-09-03 12:05:40,26.36,-4.54,47.55,57.22,90.05,95.7,4.0978,22.78,5.19,117.13,1,1,1,174.0,READY,nao
2026-09-03 12:05:41,26.05,18.22,48.78,63.21,62.84,110.17,3.3771,16.58,2.2,97.42,1,1,1,173.7,READY,nao
2026-09-03 12:05:42,20.94,1.23,51.21,63.94,63.21,116.74,3.7789,17.65,4.85,136.02,1,1,1,92.6,READY,nao
2026-09-03 12:05:43,25.38,28.64,50.36,81.29,74.19,118.04,4.4102,8.13,4.45,136.32,1,1,1,50.8,READY,nao
2026-09-03 12:05:44,24.77,0.2,50.46,114.31,97.67,103.08,5.0802,14.48,2.97,124.4,1,1,1,69.2,READY,nao
2026-09-03 12:05:45,28.47,9.51,48.55,44.07,86.74,94.28,3.9703,19.33,5.94,112.66,1,1,1,97.9,READY,nao
2026-09-03 12:05:46,28.8,-2.01,48.08,32.15,87.15,111.5,4.672,10.42,7.83,134.99,1,1,1,173.0,READY,nao
2026-09-03 12:05:47,18.77,29.89,48.23,39.75,74.48,90.04,3.2344,9.05,5.37,122.73,1,1,1,64.1,READY,nao
2026-09-03 12:05:48,24.37,12.58,51.93,108.69,83.75,102.56,4.4605,11.28,6.29,136.3,1,1,1,148.1,READY,nao
2026-09-03 12:05:49,28.64,15.84,46.24,84.58,60.41,94.34,2.6353,9.83,2.41,126.57,1,1,1,59.7,READY,nao
2026-09-03 12:05:50,26.55,-2.65,51.2,48.59,85.44,106.27,4.6488,9.3,4.51,134.22,1,1,1,177.5,READY,nao
2026-09-03 12:05:51,32.56,21.25,49.47,101.59,96.53,89.62,4.2797,13.5,2.7,124.93,1,1,1,96.5,READY,nao
2026-09-03 12:05:52,29.2,2.35,48.63,106.14,84.5,87.66,3.6022,23.16,5.68,115.71,1,1,1,149.7,READY,nao
2026-09-03 12:05:53,20.77,26.43,50.35,104.65,94.95,116.73,5.5805,15.14,7.63,142.9,1,1,1,91.2,READY,nao
2026-09-03 12:05:54,19.2,2.18,48.92,111.89,88.96,84.07,3.6587,8.76,5.97,122.06,1,1,1,129.7,READY,nao
2026-09-03 12:05:55,28.92,1.67,51.24,45.22,64.82,100.24,3.3293,6.54,2.46,125.25,1,1,1,70.9,READY,nao
2026-09-03 12:05:56,18.45,-3.72,51.4,95.5,96.1,88.83,4.3878,18.92,4.13,106.02,1,1,1,64.7,READY,nao
2026-09-03 12:05:57,27.96,11.52,48.53,66.05,62.66,81.56,2.4801,12.66,5.3,126.28,1,1,1,171.6,READY,nao
2026-09-03 12:05:58,33.98,14.77,47.66,104.2,81.36,81.44,3.1579,21.44,4.42,123.58,1,1,1,168.9,READY,nao
2026-09-03 12:05:59,27.78,-2.7,49.55,92.85,65.69,87.01,2.8321,18.19,7.0,104.24,1,1,1,164.8,READY,nao
2026-09-03 12:06:00,24.6,22.14,51.47,97.64,60.47,114.67,3.569,20.92,6.89,97.98,1,1,1,129.4,READY,nao
2026-09-03 12:06:01,28.94,10.87,47.26,85.62,76.88,91.3,3.3172,10.44,5.67,125.22,1,1,1,154.1,READY,nao
2026-09-03 12:06:02,25.79,13.35,49.74,37.74,71.8,118.02,4.2149,18.85,4.24,133.18,1,1,1,54.3,READY,nao
2026-09-03 12:06:03,27.28,10.43,49.79,74.5,79.44,103.26,4.0843,10.28,3.53,121.17,1,1,1,90.2,READY,nao
2026-09-03 12:06:04,34.0,9.03,50.4,118.47,83.09,97.46,4.0814,23.78,2.64,106.34,1,1,1,87.3,READY,nao
2026-09-03 12:06:05,24.56,14.59,46.79,113.74,61.75,103.2,2.9817,17.73,4.13,128.33,1,1,1,130.8,READY,nao
2026-09-03 12:06:06,34.34,0.43,50.29,24.32,64.92,100.67,3.2867,11.49,4.48,99.01,1,1,1,93.1,READY,nao
2026-09-03 12:06:07,33.39,1.37,51.45,36.48,82.35,110.35,4.6754,10.39,6.05,117.09,1,1,1,65.0,READY,nao
2026-09-03 12:06:08,21.33,25.16,47.08,33.17,73.73,91.3,3.1692,8.82,5.95,103.17,1,1,1,125.5,READY,nao
2026-09-03 12:06:09,19.18,28.11,47.43,92.6,89.17,94.12,3.9806,18.89,2.42,104.22,1,1,1,154.9,READY,nao
2026-09-03 12:06:10,19.71,8.07,51.83,101.78,86.09,115.76,5.1653,9.37,4.37,105.11,1,1,1,96.6,READY,nao
2026-09-03 12:06:11,18.31,4.48,47.09,41.35,93.82,117.86,5.207,16.91,3.09,114.34,1,1,1,62.9,READY,nao
2026-09-03 12:06:12,19.61,17.54,51.13,70.59,87.7,115.7,5.1881,10.29,2.94,97.56,1,1,1,71.6,READY,nao
2026-09-03 12:06:13,29.61,9.31,48.95,104.07,77.2,96.78,3.6573,18.24,6.96,114.89,1,1,1,77.1,READY,nao
2026-09-03 12:06:14,19.21,-4.11,47.48,93.28,86.92,111.21,4.5896,21.3,2.25,120.59,1,1,1,85.5,READY,nao
2026-09-03 12:06:15,23.42,0.47,51.22,74.22,71.02,99.05,3.6031,20.56,4.52,119.16,1,1,1,131.8,READY,nao
2026-09-03 12:06:16,32.36,20.06,48.67,79.03,72.25,99.9,3.5129,20.22,3.01,114.14,1,1,1,126.1,READY,nao
2026-09-03 12:06:17,18.4,18.06,49.09,70.84,91.56,88.19,3.9639,8.75,7.28,136.96,1,1,1,139.0,READY,nao
2026-09-03 12:06:18,31.85,-4.05,48.16,49.75,77.86,103.65,3.8866,6.77,5.34,102.27,1,1,1,93.9,READY,nao
2026-09-03 12:06:19,22.79,2.77,49.56,76.5,91.94,87.45,3.9847,18.98,3.39,120.28,1,1,1,156.2,READY,nao
2026-09-03 12:06:20,20.01,3.09,46.98,88.89,92.9,93.26,4.0703,12.37,5.01,98.1,1,1,1,72.6,READY,nao
2026-09-03 12:06:21,29.84,18.52,48.35,107.33,94.3,114.2,5.2068,13.65,6.39,98.56,1,1,1,108.3,READY,nao
2026-09-03 12:06:22,28.69,-4.31,51.82,83.63,96.67,88.28,4.4223,5.62,7.75,123.69,1,1,1,153.1,READY,nao
2026-09-03 12:06:23,32.92,-1.36,47.55,96.11,77.24,82.85,3.0429,10.19,3.32,123.3,1,1,1,69.3,READY,nao
2026-09-03 12:06:24,30.5,23.0,49.94,36.01,72.75,82.76,3.0068,5.67,7.32,138.9,1,1,1,59.8,READY,nao
2026-09-03 12:06:25,31.66,1.25,47.95,66.16,83.29,117.63,4.6979,22.58,7.61,122.89,1,1,1,164.3,READY,nao
2026-09-03 12:06:26,22.79,17.85,50.64,20.93,74.85,100.28,3.801,9.87,7.5,142.99,1,1,1,91.3,READY,nao
2026-09-03 12:06:27,21.02,3.34,46.79,44.67,84.04,96.38,3.7899,16.15,5.81,97.43,1,1,1,137.3,READY,nao
2026-09-03 12:06:28,30.76,-1.52,51.82,92.65,88.22,112.44,5.1403,5.78,5.78,99.9,1,1,1,48.4,READY,nao
2026-09-03 12:06:29,31.72,3.51,48.72,119.18,87.54,113.43,4.8377,18.34,4.42,97.2,1,1,1,138.2,READY,nao
2026-09-03 12:06:30,34.84,20.28,47.42,29.92,74.98,93.29,3.317,11.46,6.51,104.26,1,1,1,87.7,READY,nao
2026-09-03 12:06:31,25.01,24.95,46.44,60.15,66.67,107.74,3.3358,22.96,5.19,122.06,1,1,1,52.5,READY,nao
2026-09-03 12:06:32,24.32,24.06,47.02,100.01,77.22,110.84,4.0245,22.76,6.06,127.28,1,1,1,127.3,READY,nao
2026-09-03 12:06:33,31.2,8.9,49.12,40.4,65.7,106.19,3.4269,11.51,4.57,97.28,1,1,1,77.5,READY,nao
2026-09-03 12:06:34,23.79,18.38,48.02,75.51,95.6,86.06,3.9508,23.02,6.39,142.3,1,1,1,97.2,READY,nao
2026-09-03 12:06:35,33.82,2.17,50.97,93.31,73.84,115.04,4.3297,24.92,6.95,137.11,1,1,1,55.9,READY,nao
2026-09-03 12:06:36,32.59,5.26,48.59,81.6,66.18,101.56,3.2659,21.51,2.88,109.83,1,1,1,64.9,READY,nao
2026-09-03 12:06:37,25.29,26.37,47.49,38.8,61.02,91.3,2.6457,21.9,7.0,98.86,1,1,1,85.2,READY,nao
2026-09-03 12:06:38,30.76,-4.54,49.7,55.54,85.83,97.01,4.1382,9.98,5.24,103.49,1,1,1,57.1,READY,nao
2026-09-03 12:06:39,30.83,-2.01,50.24,98.38,85.48,81.5,3.5,16.53,7.07,101.35,1,1,1,168.0,READY,nao
2026-09-03 12:06:40,19.75,2.28,47.0,75.42,73.62,85.11,2.9449,6.35,4.59,101.16,1,1,1,45.8,READY,nao
2026-09-03 12:06:41,33.34,-4.07,47.01,20.52,62.87,110.62,3.2694,6.9,4.27,120.93,1,1,1,110.3,READY,nao
2026-09-03 12:06:42,26.59,1.35,46.22,96.1,76.39,80.0,2.8246,24.98,7.49,107.29,1,1,1,61.6,READY,nao
2026-09-03 12:06:43,32.05,15.41,50.42,23.53,72.45,96.66,3.5309,11.53,3.51,112.91,1,1,1,86.5,READY,nao
2026-09-03 12:06:44,23.44,9.75,49.98,94.57,87.08,100.9,4.3914,19.96,7.07,144.48,1,1,1,170.0,READY,nao
2026-09-03 12:06:45,33.22,26.24,48.85,40.25,84.23,82.19,3.3818,21.13,4.9,129.22,1,1,1,66.8,READY,nao
2026-09-03 12:06:46,24.62,23.61,51.07,115.81,74.58,118.92,4.5294,22.16,5.08,142.45,1,1,1,175.4,READY,nao
2026-09-03 12:06:47,18.18,6.96,50.83,56.79,68.72,89.05,3.1105,24.95,3.85,102.13,1,1,1,72.8,READY,nao
2026-09-03 12:06:48,33.39,4.08,49.51,52.69,99.52,92.17,4.5414,9.83,5.44,114.11,1,1,1,145.1,READY,nao
2026-09-03 12:06:49,19.55,8.29,51.21,34.89,78.16,92.16,3.6888,5.81,3.95,122.74,1,1,1,118.8,READY,nao
2026-09-03 12:06:50,23.43,15.66,47.24,50.56,87.53,89.22,3.6892,13.22,2.24,98.84,1,1,1,164.4,READY,nao
2026-09-03 12:06:51,34.15,4.38,46.67,107.67,65.62,80.06,2.4518,7.6,3.63,95.21,1,1,1,119.8,READY,nao
2026-09-03 12:06:52,34.16,16.85,47.62,119.63,79.42,109.17,4.1288,5.45,2.04,128.52,1,1,1,117.2,READY,nao
2026-09-03 12:06:53,27.75,9.33,46.34,56.83,61.1,118.67,3.36,12.21,7.87,127.09,1,1,1,71.4,READY,nao
2026-09-03 12:06:54,28.74,14.32,49.19,64.86,80.22,88.97,3.5108,20.67,7.79,115.54,1,1,1,67.4,READY,nao
2026-09-03 12:06:55,25.62,10.26,51.62,92.21,98.56,106.52,5.4194,16.32,4.37,119.48,1,1,1,168.7,READY,nao
2026-09-03 12:06:56,22.98,5.31,46.24,108.62,14.3,109.68,0.7252,11.26,6.37,115.77,0,1,1,89.3,ABORT,sim
2026-09-03 12:06:57,23.59,28.2,46.73,79.3,61.56,113.94,3.2777,18.09,4.07,96.2,1,1,1,95.2,READY,nao
2026-09-03 12:06:58,29.43,21.73,48.71,59.15,61.24,96.91,2.8908,9.64,6.03,111.77,1,1,1,147.6,READY,nao
2026-09-03 12:06:59,30.79,-0.1,51.6,61.26,75.52,92.12,3.5898,5.29,6.83,103.85,1,1,1,90.7,READY,nao
2026-09-03 12:07:00,31.46,25.4,47.9,89.56,66.4,93.01,2.9582,20.29,7.68,99.92,1,1,1,173.5,READY,nao
2026-09-03 12:07:01,31.42,12.06,49.04,20.32,60.93,108.5,3.242,17.47,4.4,142.84,1,1,1,144.6,READY,nao
2026-09-03 12:07:02,19.55,26.31,46.25,81.96,90.25,112.67,4.7029,20.25,6.7,124.97,1,1,1,125.7,READY,nao
2026-09-03 12:07:03,26.41,22.99,46.89,55.55,78.34,87.26,3.2054,5.78,3.6,131.43,1,1,1,163.9,READY,nao
2026-09-03 12:07:04,18.98,9.88,51.92,99.42,71.57,94.84,3.5242,21.74,7.94,110.77,1,1,1,51.7,READY,nao
2026-09-03 12:07:05,27.34,-4.21,51.79,29.3,96.0,116.08,5.7713,17.39,2.15,114.66,1,1,1,79.7,READY,nao
2026-09-03 12:07:06,25.51,4.4,46.03,78.82,64.65,112.27,3.341,16.27,5.62,106.85,1,1,1,107.8,READY,nao
2026-09-03 12:07:07,33.09,13.96,51.71,68.1,98.24,119.39,6.065,17.49,5.96,99.85,1,1,1,75.6,READY,nao
2026-09-03 12:07:08,23.97,17.17,49.83,84.23,72.56,110.17,3.9834,22.29,6.13,103.95,1,1,1,145.4,READY,nao
2026-09-03 12:07:09,19.99,4.03,51.21,26.49,95.54,95.73,4.6837,16.74,2.72,134.88,1,1,1,169.1,READY,nao
2026-09-03 12:07:10,20.43,-0.12,48.73,78.0,84.12,103.63,4.248,16.62,7.63,128.88,1,1,1,102.2,READY,nao
2026-09-03 12:07:11,30.95,24.22,49.09,76.15,19.85,106.44,1.0372,24.81,3.09,202.41,1,1,1,91.2,ABORT,sim
2026-09-03 12:07:12,28.51,29.45,48.93,76.07,99.36,83.14,4.042,20.13,5.74,118.75,1,1,1,174.8,READY,nao
2026-09-03 12:07:13,19.72,13.4,50.0,80.35,71.54,101.78,3.6407,13.85,3.34,141.12,1,1,1,105.1,READY,nao
2026-09-03 12:07:14,19.43,1.01,46.84,87.65,14.67,108.37,0.7447,19.15,3.84,164.06,0,1,1,111.0,ABORT,sim
2026-09-03 12:07:15,29.92,4.53,46.18,100.5,75.58,86.69,3.0257,12.78,5.28,109.03,1,1,1,92.5,READY,nao
2026-09-03 12:07:16,19.24,-4.36,47.85,46.98,75.42,111.23,4.0141,9.58,4.5,112.5,1,1,1,167.8,READY,nao
2026-09-03 12:07:17,31.97,27.0,50.23,102.5,73.62,103.35,3.8218,16.94,2.96,134.12,1,1,1,121.8,READY,nao
2026-09-03 12:07:18,30.01,-0.88,47.21,69.83,81.66,118.09,4.5526,23.56,3.03,144.63,1,1,1,147.9,READY,nao
2026-09-03 12:07:19,19.38,15.18,50.04,27.71,66.17,81.7,2.7052,23.58,4.51,107.03,1,1,1,154.6,READY,nao
2026-09-03 12:07:20,19.44,4.59,51.82,25.86,82.15,90.61,3.8573,11.84,6.54,138.72,1,1,1,91.1,READY,nao
2026-09-03 12:07:21,34.77,14.4,46.56,53.42,81.67,104.06,3.9569,15.55,7.39,136.53,1,1,1,103.5,READY,nao
2026-09-03 12:07:22,24.36,17.8,50.04,98.49,90.48,91.86,4.1591,9.23,2.5,106.23,1,1,1,159.5,READY,nao
2026-09-03 12:07:23,24.3,24.04,48.66,90.77,93.35,108.58,4.9321,24.91,4.36,114.97,1,1,1,94.0,READY,nao
2026-09-03 12:07:24,31.82,2.22,51.21,98.86,77.62,110.36,4.3867,24.62,2.6,115.48,1,1,1,152.2,READY,nao
2026-09-03 12:07:25,34.1,-4.62,47.06,71.73,72.09,84.1,2.8531,17.99,2.1,143.91,1,1,1,172.0,READY,nao
2026-09-03 12:07:26,34.76,-0.21,50.16,64.02,70.37,100.55,3.5492,21.09,5.97,104.04,1,1,1,129.1,READY,nao
2026-09-03 12:07:27,30.81,26.5,51.03,34.75,67.78,100.36,3.4713,19.3,5.61,134.96,1,1,1,145.1,READY,nao
2026-09-03 12:07:28,24.4,25.59,51.67,52.82,62.31,94.77,3.0512,16.86,2.98,111.71,1,1,1,153.7,READY,nao
2026-09-03 12:07:29,19.42,15.91,50.1,63.4,73.7,117.32,4.3319,6.07,3.4,131.54,1,1,1,159.1,READY,nao
2026-09-03 12:07:30,31.21,16.02,48.98,28.86,70.81,113.1,3.9226,14.1,2.14,116.0,1,1,1,98.3,READY,nao
2026-09-03 12:07:31,27.49,18.28,49.71,42.06,98.66,107.89,5.2913,18.5,7.01,123.92,1,1,1,51.9,READY,nao
2026-09-03 12:07:32,25.21,1.14,51.21,79.82,82.31,108.57,4.5763,18.55,7.85,136.63,1,1,1,99.3,READY,nao
2026-09-03 12:07:33,33.41,27.0,49.42,93.57,73.89,98.47,3.5958,12.46,2.81,135.21,1,1,1,136.0,READY,nao
2026-09-03 12:07:34,19.89,9.66,46.18,119.83,83.22,116.84,4.4903,23.83,3.39,138.32,1,1,1,105.8,READY,nao
2026-09-03 12:07:35,26.37,8.41,51.59,113.31,65.57,107.78,3.6459,8.35,7.21,97.98,1,1,1,146.1,READY,nao
2026-09-03 12:07:36,18.19,13.16,50.14,84.26,77.76,109.16,4.256,15.01,7.56,129.6,1,1,1,93.2,READY,nao
2026-09-03 12:07:37,25.97,-3.36,50.06,62.12,85.05,114.47,4.8737,18.82,4.52,102.0,1,1,1,130.7,READY,nao
2026-09-03 12:07:38,18.96,0.82,47.29,83.62,79.56,90.96,3.4223,18.94,2.3,115.79,1,1,1,70.2,READY,nao
2026-09-03 12:07:39,20.02,20.83,49.95,98.57,76.07,112.28,4.2663,17.97,2.24,122.43,1,1,1,146.2,READY,nao
2026-09-03 12:07:40,20.0,-2.1,48.36,31.83,99.75,87.81,4.2359,10.51,5.44,115.14,1,1,1,118.7,READY,nao
2026-09-03 12:07:41,29.04,16.11,49.91,60.99,95.21,93.81,4.4578,8.12,4.36,120.98,1,1,1,72.5,READY,nao
2026-09-03 12:07:42,30.68,3.59,46.64,103.98,84.94,93.42,3.7009,17.72,2.17,144.83,1,1,1,84.4,READY,nao
2026-09-03 12:07:43,27.92,8.63,49.95,58.38,82.78,119.14,4.9263,16.99,5.5,101.76,1,1,1,146.1,READY,nao
2026-09-03 12:07:44,34.36,5.1,52.0,77.19,84.83,114.26,5.0402,8.59,2.07,128.77,1,1,1,110.2,READY,nao
2026-09-03 12:07:45,24.37,7.45,46.29,78.78,68.05,108.05,3.4036,19.1,6.72,114.8,1,1,1,74.2,READY,nao
2026-09-03 12:07:46,22.86,20.17,51.86,38.45,75.81,109.08,4.2885,14.1,3.84,101.65,1,1,1,175.6,READY,nao
2026-09-03 12:07:47,32.77,5.4,48.44,56.22,61.58,102.48,3.0569,18.36,2.24,102.94,1,1,1,141.5,READY,nao
2026-09-03 12:07:48,21.8,14.82,51.22,53.45,79.02,117.88,4.7711,21.75,5.53,142.46,1,1,1,174.2,READY,nao
2026-09-03 12:07:49,34.37,11.66,50.69,22.62,81.72,99.85,4.1362,8.39,4.39,138.98,1,1,1,102.7,READY,nao
2026-09-03 12:07:50,18.21,18.23,49.4,22.42,69.11,95.22,3.2508,5.38,7.84,140.35,1,1,1,109.1,READY,nao
2026-09-03 12:07:51,34.49,27.79,50.43,103.17,98.56,86.52,4.3004,20.58,5.27,144.58,1,1,1,166.2,READY,nao
2026-09-03 12:07:52,18.73,20.64,51.27,47.31,96.38,111.45,5.5072,17.19,3.65,105.42,1,1,1,115.9,READY,nao
2026-09-03 12:07:53,33.15,2.52,48.42,71.81,88.89,109.38,4.7078,18.99,6.26,112.77,1,1,1,140.5,READY,nao
2026-09-03 12:07:54,26.97,-3.91,47.96,49.87,81.34,95.37,3.7204,21.76,3.63,128.46,1,1,1,79.0,READY,nao
2026-09-03 12:07:55,34.88,4.18,50.01,114.07,94.8,81.01,3.8406,21.06,7.43,119.19,1,1,1,105.3,READY,nao
2026-09-03 12:07:56,19.25,15.83,50.85,45.93,65.23,113.56,3.7667,24.22,4.25,115.92,1,1,1,61.7,READY,nao
2026-09-03 12:07:57,27.42,-3.2,50.57,62.97,91.62,80.46,3.7279,15.72,5.3,112.89,1,1,1,72.8,READY,nao
2026-09-03 12:07:58,34.48,12.37,50.79,107.27,64.99,108.15,3.5699,14.77,2.3,124.69,1,1,1,45.1,READY,nao
2026-09-03 12:07:59,26.89,15.89,48.61,104.19,91.77,118.81,5.3,13.04,4.56,123.78,1,1,1,50.3,READY,nao
2026-09-03 12:08:00,28.7,6.7,50.91,38.61,71.03,97.51,3.5261,8.07,6.99,103.07,1,1,1,176.9,READY,nao
2026-09-03 12:08:01,29.83,21.98,46.72,100.26,95.08,89.4,3.9713,16.45,6.83,118.59,1,1,1,77.7,READY,nao
2026-09-03 12:08:02,25.73,-1.27,49.27,65.82,97.76,108.19,5.2111,10.54,3.35,122.67,1,1,1,134.5,READY,nao
2026-09-03 12:08:03,28.67,-2.37,46.03,68.3,65.95,112.69,3.4209,23.43,3.36,123.51,1,1,1,158.3,READY,nao
2026-09-03 12:08:04,27.93,20.49,47.95,33.35,78.51,101.86,3.8346,16.66,6.9,105.51,1,1,1,119.3,READY,nao
2026-09-03 12:08:05,33.32,12.34,48.2,28.06,99.24,118.68,5.6769,16.86,7.58,132.11,1,1,1,65.7,READY,nao
2026-09-03 12:08:06,18.77,19.09,48.38,92.79,79.34,82.07,3.1502,12.1,2.57,96.26,1,1,1,143.3,READY,nao
2026-09-03 12:08:07,22.78,10.22,50.17,69.65,94.54,100.19,4.7521,6.04,4.7,112.74,1,1,1,126.0,READY,nao
2026-09-03 12:08:08,34.16,3.62,48.33,63.69,83.55,108.74,4.3909,5.63,4.02,134.01,1,1,1,143.7,READY,nao
2026-09-03 12:08:09,51.79,23.67,48.69,92.95,75.01,114.51,4.1822,13.47,7.22,171.09,1,0,1,148.9,ABORT,sim
2026-09-03 12:08:10,25.75,22.98,47.43,96.55,71.43,87.17,2.9533,6.69,2.5,108.06,1,1,1,176.7,READY,nao
2026-09-03 12:08:11,28.54,19.31,48.24,35.89,68.13,112.0,3.681,17.14,3.27,129.75,1,1,1,122.4,READY,nao
2026-09-03 12:08:12,22.72,4.53,47.36,81.02,90.47,102.11,4.3751,22.62,6.51,123.37,1,1,1,91.1,READY,nao
2026-09-03 12:08:13,21.2,15.66,46.44,33.54,75.46,95.86,3.3593,22.66,2.31,134.81,1,1,1,132.5,READY,nao
2026-09-03 12:08:14,25.88,7.63,49.62,95.14,80.45,85.27,3.4039,18.18,4.96,131.75,1,1,1,54.2,READY,nao
2026-09-03 12:08:15,24.01,-1.79,50.01,85.7,79.69,114.61,4.5675,9.22,4.65,125.51,1,1,1,166.1,READY,nao
2026-09-03 12:08:16,27.92,27.11,49.72,115.66,83.09,86.29,3.5648,22.26,4.01,119.41,1,1,1,61.1,READY,nao
2026-09-03 12:08:17,19.32,-0.21,48.78,26.9,94.62,92.39,4.2643,22.72,4.37,101.66,1,1,1,89.3,READY,nao
2026-09-03 12:08:18,34.56,28.26,48.28,25.71,99.23,91.6,4.3884,8.93,5.18,108.07,1,1,1,155.1,READY,nao
2026-09-03 12:08:19,34.77,10.61,51.18,48.22,76.3,114.86,4.4853,19.75,2.97,115.95,1,1,1,125.6,READY,nao
